NAME,PAGE
A.J. Green,2
A.J. Jenkins,2
Aaron Burbridge,1
Aaron Dobson,1
Ace Sanders,1
Adam Humphries,1
Adam Thielen,1
Adrian Arrington,1
Albert Wilson,2
Aldrick Robinson,1
Alex Erickson,1
Allen Hurns,1
Allen Robinson,1
Alshon Jeffery,1
Amari Cooper,1
Andre Caldwell,1
Andre Holmes,2
Andre Johnson,3
Andre Roberts,1
Andrew Hawkins,2
Andrew Turzilli,1
Anquan Boldin,1
Anthony Armstrong,2
Anthony Gonzalez,1
Antonio Brown,5
Armon Binns,1
Arnaz Battle,1
Arrelious Benn,1
Austin Collie,1
Austin Pettis,1
Ben Edwards,2
Ben Obomanu,1
Bennie Fowler,1
Bernard Berrian,1
Brad Smith,8
Bradley Marquez,1
Brandin Cooks,1
Brandon Banks,2
Brandon Coleman,1
Brandon Gibson,1
Brandon LaFell,1
Brandon Lloyd,1
Brandon Marshall,1
Brandon Stokley,1
Brandon Tate,1
Braxton Miller,9
Braylon Edwards,2
Brenton Bersin,1
Breshad Perriman,1
Brett Swain,1
Brian Hartline,1
Brian Quick,1
Brian Robiskie,2
Brian Tyms,1
Brice Butler,2
Brittan Golden,1
Bruce Ellington,1
Bryan Walters,1
Bryant Johnson,5
Bryce Treggs,1
Calvin Johnson,3
Cameron Meredith,1
Carlton Mitchell,1
Cecil Shorts,1
Chad Hall,6
Chad Johnson,2
Chandler Worthy,1
Chansi Stuckey,1
Charles Johnson,23
Charly Martin,5
Charone Peake,1
Chastin West,2
Chaz Schilens,1
Chester Rogers,5
Chris Conley,1
Chris Givens,1
Chris Harper,3
Chris Hogan,2
Chris Matthews,1
Chris Moore,5
Chris Owusu,1
Chris Williams,11
Edmond Gates,1
Cobi Hamilton,2
Cody Core,1
Cody Latimer,1
Cole Beasley,1
Cordarrelle Patterson,1
Corey Coleman,2
Corey Fuller,2
Corey Washington,2
Courtney Roby,1
DaRick Rogers,2
Damaris Johnson,12
Damian Williams,17
Danario Alexander,4
Dane Sanzenbacher,1
Danny Amendola,1
Darius Jennings,2
Darius Johnson,13
Darrius Heyward-Bey,1
Davante Adams,4
David Anderson,3
David Gilreath,1
David Nelson,4
David Reed,3
Davone Bess,1
DeAndre Hopkins,1
DeAndrew White,1
Deion Branch,1
DeMarco Sampson,1
Demaryius Thomas,5
Denarius Moore,6
Deon Butler,1
Deonte Thompson,1
Derek Hagan,1
Derek Moye,1
Derrick Mason,1
DeSean Jackson,2
DeVante Parker,2
Devery Henderson,1
DeVier Posey,1
Devin Aromashodu,1
Devin Funchess,1
Devin Smith,11
Devin Street,1
Devin Thomas,4
Devon Wylie,1
Dez Bryant,2
Dezmin Lewis,1
Dezmon Briscoe,1
Donald Driver,1
Donald Jones,7
Donnie Avery,2
Donte Moncrief,1
Donte Stallworth,1
Donteea Dye,1
Dontrelle Inman,1
Dorial GreenBeckham,8
Doug Baldwin,2
Drew Davis,1
Dwayne Bowe,1
Dwayne Harris,2
Earl Bennett,2
Early Doucet,1
Eddie Royal,1
Eli Rogers,1
Emmanuel Arceneaux,1
Emmanuel Sanders,1
Eric Decker,1
Eric Page,1
Eric Weems,1
Evan Spencer,1
Frankie Hammond Jr.,1
Freddie Martino,2
Geremy Davis,2
Geronimo Allison,1
Golden Tate,2
Greg Camarillo,1
Greg Jenkins,1
Greg Jennings,1
Greg Little,1
Greg Salas,1
Griff Whalen,1
Hakeem Nicks,1
Harry Douglas,1
Hines Ward,1
Isaiah Burse,1
J.J. Nelson,1
Jabar Gaffney,1
Jacoby Ford,3
Jacoby Jones,6
Jaelen Strong,1
Jakeem Grant,1
Jalen Saunders,1
Jalin Marshall,2
Jamar Newsome,1
James Jones,7
James Wright,6
Jamison Crowder,1
Jared Abbrederis,1
Jarett Dillard,1
Jarius Wright,1
Jaron Brown,12
Jarrett Boykin,1
Jarvis Landry,2
Jason Avant,1
Jason Hill,1
Javontee Herndon,1
Jeff Janis,1
Jeff Maehl,1
Jeremy Butler,4
Jeremy Ebert,1
Jeremy Horne,1
Jeremy Kerley,1
Jeremy Maclin,1
Jeremy Ross,1
Jerheme Urban,1
Jermaine Kearse,2
Jerome Simpson,1
Jerrel Jernigan,1
Jerricho Cotchery,1
Jesse Holley,1
Joe Adams,7
Joe Hastings,1
John Brown,10
Johnny Holton,1
Johnny Knox,1
Jon Baldwin,1
Jonathan Krause,1
Jordan Matthews,1
Jordan Norwood,1
Jordan Payton,1
Jordan Shipley,1
Jordan Taylor,1
Jordan White,5
Jordy Nelson,1
Joseph Anderson,3
Joseph Morgan,1
Josh Boyce,1
Josh Cooper,5
Josh Cribbs,2
Josh Doctson,1
Josh Gordon,4
Josh Huff,1
Josh Morgan,2
Joshua Bellamy,1
Julian Edelman,1
Julian Talley,1
Julio Jones,5
Junior Hemingway,1
Juron Criner,1
Justin Blackmon,1
Justin Brown,3
Justin Hardy,1
Justin Hunter,1
Kamar Aiken,1
Kasen Williams,5
Kassim Osgood,1
Kealoha Pilares,1
Keary Colbert,1
Keenan Allen,3
Keith Mumphery,1
Kelvin Benjamin,1
Kenbrell Thompkins,4
Kendall Wright,5
Kenny Britt,1
Kenny Stills,2
Kerry Meier,1
Kerry Taylor,4
Keshawn Martin,1
Kevin Cone,1
Kevin Dorsey,2
Kevin Elliott,1
Kevin Norwood,1
Kevin Ogletree,1
Kevin Smith,16
Kevin Walter,2
Kevin White,2
Kris Adams,1
Kris Durham,1
Kyle Williams,3
Lamaar Thomas,4
Lance Moore,3
LaQuan Williams,11
Laquon Treadwell,1
LaRon Byrd,1
Larry Fitzgerald,1
Laurent Robinson,3
Lavelle Hawkins,1
LaVon Brazill,2
Lee Evans,3
Legedu Naanee,1
Leonard Hankerson,1
Leonte Carroo,2
Lestar Jean,1
Louis Murphy,1
Lucky Whitehead,1
Malcolm Mitchell,8
Malcom Floyd,1
Marc Mariani,1
Marcus Easley,1
Marcus Thigpen,1
Mardy Gilyard,1
Mario Alford,1
Mario Manningham,1
Mark Clayton,1
Markus Wheaton,2
Marlon Brown,12
Marlon Moore,8
Marqise Lee,3
Marques Colston,1
Marquess Wilson,6
Marquise Goodwin,2
Martavis Bryant,2
Marvin Jones,8
Matt Hazel,3
Matt Slater,2
Matthew Willis,1
Maurice Harris,1
Maurice Stovall,1
Michael Campanaro,1
Michael Campbell,4
Michael Clayton,1
Michael Crabtree,1
Michael Floyd,1
Michael Jenkins,1
Michael Preston,1
Michael Thomas,5
Micheal Spurlock,1
Mike Brown,6
Mike Evans,3
Mike SimsWalker,4
Mike Thomas,3
Mike Wallace,2
Mike Williams,1
Miles Austin,1
Mohamed Massaquoi,1
Mohamed Sanu,1
Myles White,1
Naaman Roosevelt,1
Nate Burleson,1
Nate Washington,1
Nathan Palmer,1
Nelson Agholor,1
Nick Miller,2
Nick Toon,1
Nick Williams,4
Odell Beckham Jr,1
Patrick Crayton,1
Patrick Edwards,1
Patrick Turner,1
Paul Richardson,1
Paul Turner,1
Percy Harvin,1
Pharoh Cooper,1
Phillip Dorsett,1
Philly Brown,2
Pierre Garcon,1
Plaxico Burress,1
Preston Parker,1
Quan Bray,1
Quincy Enunwa,1
Quinton Patton,1
Ramses Barden,1
Randall Cobb,1
Randy Moss,1
Rashad Greene,2
Rashad Ross,2
Rashard Higgins,1
Rashied Davis,1
Reggie Wayne,1
Ricardo Lockette,1
Ricardo Louis,1
Richard Goodman,1
Rico Richardson,1
Riley Cooper,2
Rishard Matthews,1
Robby Anderson,1
Robert Herron,1
Robert Meachem,1
Robert Woods,6
Roberto Wallace,1
Rod Streater,1
Roddy White,3
Rodney Smith,15
Roger Lewis,1
Roscoe Parrish,1
Roy Williams,11
Rueben Randle,1
Russell Shepard,1
Ruvell Martin,1
Ryan Broyles,1
Ryan Grant,2
Ryan Spadola,1
Ryan Whalen,1
Saalim Hakim,1
Sam Hurd,1
Sammie Coates,1
Sammie Stroughter,1
Sammy Watkins,1
Santana Moss,1
Santonio Holmes,1
Seantavius Jones,4
Seth Roberts,1
Seyi Ajirotutu,1
Shane Wynn,1
Sidney Rice,2
Skye Dawson,1
Solomon Patton,1
Stedman Bailey,1
Stefon Diggs,1
Stephen Burton,1
Stephen Hill,2
Stephen Williams,1
Sterling Shepard,1
Steve Breaston,1
Steve Smith,1
Steve Smith Sr.,1
Stevie Johnson,1
T.J. Graham,1
T.J. Houshmandzadeh,1
T.Y. Hilton,1
Tajae Sharpe,1
Tandon Doss,1
Tanner McEvoy,1
Tavarres King,1
Tavon Austin,1
Taylor Gabriel,1
Taylor Price,1
Ted Ginn,1
Terrance Copper,1
Terrance Williams,5
Terrelle Pryor Sr.,1
Terrence Austin,2
Tiquan Underwood,1
Titus Young,1
TJ Jones,1
Tommylee Lewis,2
Toney Clemons,2
Tony Washington,4
Tori Gurley,1
Torrey Smith,8
Travis Benjamin,1
Tre McBride,2
Trevor Davis,6
Trindon Holliday,1
Ty Montgomery,2
Tyler Boyd,1
Tyler Lockett,1
Tyreek Hill,2
Tyrell Williams,4
Victor Cruz,1
Vince Mayle,1
Vincent Brown,3
Vincent Jackson,2
Walter Powell,1
Wes Welker,1
Will Fuller,2
Willie Snead,2
